30175,"Howard",Y,4 , 12 , 14 , 14 , 13 , 12 , 12 , 12 , 13 , 14 , 14 , 14 , 14 , 14 , 12 , 12 , 12 , 12 , 3 , 0 , 25 , 25 , 23 , 23 , 25 , 24 , 24 , 25 , 26 , 22 , 22 , 22 , 22 , 22 , 23 , 24 , 24 , 23
30026,"Skokie",Y,4 , 11 , 14 , 14 , 14 , 12 , 12 , 12 , 12 , 14 , 14 , 14 , 14 , 14 , 13 , 12 , 12 , 12 , 3 , 0 , 0 , 0 , 0 , 0 , 0 , 0 , 0 , 0 , 0 , 0 , 0 , 0 , 0 , 0 , 0 , 0 , 0 , 0
30163,"South Boulevard",P,8 , 14 , 14 , 14 , 14 , 13 , 15 , 14 , 14 , 14 , 16 , 17 , 15 , 16 , 13 , 12 , 12 , 12 , 12 , 25 , 43 , 25 , 22 , 16 , 83 , 23 , 25 , 101 , 24 , 22 , 16 , 22 , 48 , 22 , 23 , 24 , 23 , 23
30052,"Main",P,8 , 14 , 14 , 13 , 15 , 13 , 15 , 14 , 14 , 14 , 16 , 16 , 16 , 15 , 13 , 13 , 12 , 12 , 12 , 20 , 38 , 40 , 0 , 45 , 46 , 67 , 0 , 69 , 0 , 27 , 32 , 0 , 41 , 18 , 0 , 4 , 0 , 162
30133,"Dempster",P,8 , 14 , 14 , 13 , 15 , 13 , 15 , 14 , 14 , 14 , 16 , 16 , 15 , 16 , 13 , 13 , 12 , 12 , 12 , 28 , 27 , 66 , 11 , 16 , 53 , 67 , 25 , 61 , 24 , 82 , 36 , 116 , 28 , 18 , 23 , 18 , 15 , 159
30010,"Davis",P,8 , 13 , 15 , 13 , 15 , 13 , 14 , 14 , 14 , 15 , 16 , 15 , 16 , 15 , 14 , 13 , 12 , 12 , 12 , 56 , 56 , 48 , 52 , 21 , 105 , 97 , 95 , 69 , 1 , 182 , 36 , 13 , 75 , 51 , 0 , 26 , 0 , 178
30101,"Foster",P,7 , 12 , 15 , 13 , 16 , 13 , 13 , 14 , 14 , 15 , 16 , 16 , 15 , 16 , 13 , 12 , 12 , 12 , 12 , 68 , 108 , 108 , 0 , 82 , 164 , 287 , 0 , 30 , 100 , 153 , 58 , 56 , 69 , 42 , 62 , 18 , 49 , 128
30078,"Noyes",P,6 , 13 , 15 , 13 , 15 , 13 , 14 , 14 , 14 , 15 , 16 , 16 , 15 , 16 , 13 , 12 , 12 , 12 , 12 , 68 , 108 , 108 , 153 , 62 , 89 , 250 , 172 , 30 , 49 , 108 , 78 , 56 , 45 , 56 , 78 , 6 , 29 , 128
30241,"Central-Purple",P,6 , 13 , 15 , 13 , 14 , 14 , 14 , 14 , 14 , 14 , 16 , 17 , 15 , 16 , 13 , 12 , 12 , 12 , 12 , 72 , 125 , 134 , 156 , 124 , 70 , 279 , 353 , 212 , 34 , 123 , 97 , 80 , 53 , 42 , 41 , 3 , 9 , 222
30203,"Linden",P,6 , 13 , 15 , 12 , 15 , 14 , 14 , 14 , 14 , 14 , 16 , 17 , 14 , 17 , 13 , 12 , 12 , 12 , 12 , 0 , 0 , 0 , 0 , 0 , 0 , 0 , 0 , 0 , 0 , 0 , 0 , 0 , 0 , 0 , 0 , 0 , 0 , 0
30172,"O'Hare",Blue,13 , 20 , 28 , 24 , 21 , 20 , 20 , 20 , 21 , 22 , 22 , 22 , 22 , 20 , 18 , 17 , 16 , 15 , 13 , 25 , 25 , 55 , 52 , 0 , 55 , 36 , 36 , 45 , 41 , 63 , 46 , 82 , 24 , 22 , 23 , 24 , 16 , 23
30160,"Rosemont",Blue,15 , 19 , 28 , 24 , 23 , 20 , 20 , 20 , 21 , 22 , 22 , 22 , 22 , 20 , 18 , 17 , 16 , 15 , 13 , 0 , 0 , 23 , 78 , 26 , 12 , 7 , 149 , 26 , 19 , 20 , 48 , 50 , 27 , 9 , 53 , 0 , 0 , 189
30045,"Cumberland",Blue,15 , 19 , 27 , 24 , 22 , 21 , 20 , 20 , 20 , 22 , 22 , 22 , 22 , 21 , 19 , 17 , 16 , 15 , 13 , 10 , 51 , 21 , 20 , 29 , 142 , 0 , 162 , 13 , 8 , 8 , 41 , 0 , 30 , 31 , 31 , 0 , 0 , 91
30146,"Harlem-O'Hare",Blue,14 , 18 , 28 , 25 , 21 , 20 , 20 , 20 , 21 , 22 , 22 , 22 , 22 , 20 , 18 , 18 , 17 , 16 , 13 , 25 , 55 , 139 , 35 , 54 , 153 , 148 , 57 , 207 , 29 , 69 , 45 , 230 , 81 , 22 , 18 , 17 , 16 , 159
30248,"Jefferson Park",Blue,13 , 17 , 26 , 28 , 22 , 21 , 20 , 20 , 20 , 22 , 22 , 22 , 22 , 21 , 19 , 17 , 16 , 15 , 15 , 53 , 129 , 53 , 116 , 75 , 110 , 62 , 74 , 2 , 94 , 34 , 35 , 24 , 36 , 36 , 85 , 103 , 91 , 213
30260,"Montrose-Blue",Blue,12 , 18 , 26 , 27 , 23 , 21 , 20 , 20 , 20 , 22 , 22 , 22 , 22 , 21 , 19 , 17 , 16 , 15 , 13 , 45 , 125 , 44 , 94 , 48 , 180 , 50 , 86 , 40 , 94 , 33 , 35 , 22 , 28 , 33 , 85 , 53 , 91 , 213
30108,"Irving Park-Blue",Blue,12 , 18 , 25 , 28 , 23 , 20 , 20 , 20 , 21 , 22 , 22 , 22 , 22 , 21 , 19 , 17 , 16 , 15 , 13 , 99 , 115 , 27 , 54 , 29 , 21 , 36 , 76 , 68 , 20 , 42 , 28 , 56 , 63 , 78 , 115 , 8 , 98 , 140
30240,"Addison-Blue",Blue,11 , 18 , 26 , 27 , 22 , 21 , 20 , 20 , 21 , 22 , 22 , 22 , 22 , 20 , 18 , 18 , 17 , 16 , 13 , 93 , 65 , 66 , 125 , 103 , 142 , 53 , 80 , 55 , 78 , 39 , 46 , 38 , 31 , 58 , 41 , 101 , 101 , 137
30013,"Belmont-Blue",Blue,11 , 17 , 25 , 28 , 22 , 21 , 20 , 20 , 20 , 22 , 22 , 22 , 22 , 21 , 19 , 18 , 17 , 16 , 13 , 39 , 94 , 66 , 67 , 65 , 126 , 80 , 53 , 58 , 111 , 0 , 19 , 23 , 45 , 47 , 28 , 43 , 78 , 110
30198,"Logan Square",Blue,10 , 17 , 24 , 28 , 24 , 21 , 20 , 20 , 20 , 22 , 22 , 22 , 22 , 21 , 19 , 17 , 16 , 15 , 15 , 57 , 101 , 80 , 85 , 59 , 116 , 70 , 78 , 80 , 45 , 8 , 24 , 31 , 43 , 49 , 32 , 0 , 132 , 165
30112,"California-O'Hare",Blue,10 , 17 , 24 , 28 , 23 , 21 , 20 , 20 , 21 , 22 , 22 , 22 , 22 , 21 , 19 , 17 , 16 , 15 , 15 , 79 , 109 , 75 , 68 , 59 , 94 , 81 , 90 , 66 , 45 , 18 , 47 , 42 , 51 , 85 , 49 , 0 , 71 , 169
30130,"Western-O'Hare",Blue,10 , 16 , 24 , 29 , 23 , 21 , 20 , 20 , 21 , 21 , 22 , 22 , 22 , 22 , 19 , 17 , 16 , 15 , 15 , 24 , 90 , 88 , 61 , 70 , 84 , 59 , 51 , 31 , 60 , 60 , 49 , 9 , 45 , 56 , 0 , 0 , 122 , 151
30116,"Damen-O'Hare",Blue,8 , 17 , 23 , 29 , 23 , 21 , 20 , 20 , 20 , 22 , 22 , 22 , 22 , 21 , 19 , 18 , 17 , 16 , 13 , 23 , 85 , 79 , 16 , 68 , 48 , 48 , 52 , 41 , 47 , 59 , 94 , 115 , 104 , 62 , 2 , 0 , 40 , 89
30063,"Division",Blue,8 , 17 , 23 , 29 , 23 , 21 , 20 , 20 , 20 , 22 , 22 , 22 , 22 , 21 , 19 , 18 , 17 , 16 , 13 , 23 , 67 , 90 , 43 , 113 , 76 , 53 , 74 , 48 , 3 , 55 , 109 , 35 , 69 , 47 , 0 , 0 , 118 , 139
30272,"Chicago-Blue",Blue,8 , 16 , 23 , 29 , 23 , 22 , 20 , 20 , 20 , 22 , 22 , 22 , 22 , 21 , 19 , 18 , 17 , 16 , 13 , 95 , 44 , 66 , 70 , 87 , 86 , 16 , 60 , 85 , 116 , 135 , 102 , 16 , 123 , 61 , 0 , 208 , 264 , 109
30096,"Grand-Blue",Blue,8 , 15 , 23 , 28 , 24 , 21 , 20 , 20 , 21 , 21 , 22 , 22 , 22 , 22 , 20 , 17 , 17 , 15 , 14 , 69 , 23 , 63 , 56 , 66 , 60 , 41 , 45 , 111 , 179 , 88 , 70 , 114 , 92 , 69 , 0 , 288 , 266 , 112
30374,"Clark/Lake (Subway)",Blue,7 , 16 , 21 , 29 , 25 , 21 , 20 , 20 , 20 , 22 , 22 , 22 , 22 , 22 , 20 , 17 , 16 , 15 , 15 , 99 , 38 , 87 , 116 , 91 , 115 , 95 , 46 , 89 , 59 , 78 , 117 , 0 , 109 , 115 , 0 , 214 , 178 , 103
30073,"Washington-Blue",Blue,6 , 16 , 22 , 29 , 23 , 22 , 20 , 20 , 20 , 22 , 22 , 22 , 22 , 21 , 19 , 18 , 17 , 16 , 15 , 61 , 29 , 87 , 69 , 67 , 109 , 79 , 63 , 97 , 137 , 120 , 67 , 131 , 71 , 81 , 67 , 292 , 37 , 136
30154,"Monroe-Blue",Blue,6 , 16 , 21 , 30 , 23 , 22 , 20 , 20 , 20 , 22 , 22 , 22 , 22 , 21 , 19 , 18 , 17 , 16 , 15 , 4 , 128 , 110 , 107 , 90 , 92 , 107 , 77 , 105 , 66 , 78 , 61 , 96 , 62 , 89 , 99 , 317 , 87 , 131
30015,"Jackson-Blue",Blue,6 , 15 , 22 , 29 , 24 , 22 , 20 , 20 , 20 , 22 , 22 , 22 , 22 , 21 , 19 , 18 , 17 , 16 , 15 , 4 , 34 , 112 , 61 , 81 , 94 , 87 , 64 , 71 , 141 , 89 , 53 , 98 , 63 , 80 , 112 , 193 , 184 , 149
30262,"LaSalle",Blue,6 , 15 , 22 , 28 , 24 , 22 , 20 , 20 , 20 , 21 , 22 , 22 , 22 , 22 , 20 , 18 , 17 , 16 , 15 , 14 , 99 , 83 , 88 , 74 , 92 , 118 , 82 , 92 , 71 , 97 , 80 , 36 , 69 , 70 , 98 , 240 , 248 , 125
30085,"Clinton-Blue",Blue,6 , 15 , 21 , 29 , 24 , 21 , 20 , 20 , 21 , 21 , 22 , 22 , 22 , 22 , 20 , 18 , 17 , 16 , 14 , 14 , 63 , 103 , 82 , 76 , 98 , 94 , 78 , 92 , 54 , 56 , 70 , 33 , 93 , 106 , 259 , 194 , 147 , 100
30069,"UIC-Halsted",Blue,5 , 16 , 20 , 29 , 25 , 21 , 20 , 20 , 20 , 22 , 22 , 22 , 22 , 22 , 20 , 18 , 17 , 16 , 13 , 14 , 141 , 106 , 43 , 61 , 94 , 45 , 48 , 97 , 95 , 136 , 51 , 57 , 93 , 78 , 232 , 155 , 211 , 90
30093,"Racine",Blue,5 , 15 , 18 , 26 , 23 , 22 , 20 , 20 , 20 , 22 , 22 , 22 , 22 , 22 , 20 , 17 , 17 , 15 , 14 , 4 , 105 , 89 , 69 , 75 , 62 , 78 , 45 , 69 , 66 , 70 , 50 , 80 , 39 , 105 , 82 , 107 , 164 , 220
30158,"Illinois Medical District",Blue,3 , 16 , 19 , 25 , 23 , 22 , 20 , 20 , 20 , 22 , 22 , 22 , 22 , 21 , 19 , 18 , 17 , 16 , 15 , 39 , 62 , 114 , 86 , 53 , 47 , 63 , 53 , 122 , 53 , 72 , 69 , 12 , 54 , 119 , 75 , 148 , 163 , 102
30043,"Western-Forest Park",Blue,3 , 15 , 20 , 24 , 23 , 22 , 20 , 20 , 20 , 21 , 22 , 22 , 22 , 22 , 20 , 18 , 17 , 16 , 15 , 25 , 225 , 133 , 105 , 28 , 51 , 40 , 49 , 117 , 33 , 57 , 54 , 1 , 60 , 99 , 60 , 102 , 86 , 18
30049,"Kedzie-Homan",Blue,3 , 15 , 19 , 24 , 23 , 22 , 20 , 20 , 21 , 21 , 22 , 22 , 22 , 22 , 20 , 18 , 17 , 16 , 15 , 5 , 156 , 67 , 93 , 95 , 105 , 70 , 42 , 102 , 134 , 87 , 59 , 100 , 45 , 111 , 50 , 68 , 86 , 48
30180,"Pulaski-Forest Park",Blue,3 , 15 , 18 , 25 , 23 , 22 , 20 , 20 , 20 , 22 , 22 , 22 , 22 , 22 , 20 , 18 , 17 , 16 , 15 , 27 , 172 , 62 , 111 , 53 , 118 , 71 , 69 , 107 , 47 , 63 , 74 , 13 , 18 , 125 , 24 , 109 , 106 , 47
30188,"Cicero-Forest Park",Blue,3 , 15 , 18 , 24 , 24 , 22 , 20 , 20 , 20 , 21 , 22 , 22 , 22 , 22 , 21 , 18 , 17 , 16 , 15 , 134 , 122 , 97 , 62 , 75 , 118 , 130 , 120 , 17 , 44 , 114 , 105 , 48 , 57 , 130 , 74 , 160 , 165 , 77
30002,"Austin-Blue",Blue,0 , 15 , 18 , 24 , 24 , 22 , 21 , 20 , 20 , 21 , 22 , 22 , 22 , 22 , 20 , 18 , 17 , 16 , 15 , 105 , 185 , 49 , 71 , 91 , 116 , 79 , 73 , 95 , 56 , 62 , 83 , 68 , 36 , 79 , 270 , 30 , 164 , 145
30035,"Oak Park-Blue",Blue,0 , 15 , 18 , 24 , 24 , 22 , 21 , 20 , 20 , 21 , 22 , 22 , 22 , 22 , 20 , 18 , 17 , 16 , 15 , 127 , 157 , 98 , 87 , 63 , 116 , 82 , 103 , 100 , 71 , 74 , 107 , 80 , 58 , 88 , 246 , 34 , 173 , 135
30190,"Harlem-Forest Park",Blue,0 , 15 , 18 , 24 , 24 , 22 , 20 , 20 , 20 , 22 , 22 , 22 , 22 , 22 , 20 , 18 , 17 , 16 , 15 , 113 , 164 , 58 , 82 , 75 , 93 , 79 , 99 , 94 , 70 , 74 , 78 , 76 , 64 , 98 , 232 , 71 , 171 , 117
30077,"Forest Park",Blue,0 , 15 , 18 , 23 , 23 , 23 , 20 , 20 , 20 , 21 , 22 , 22 , 22 , 22 , 21 , 19 , 17 , 16 , 15 , 0 , 0 , 0 , 0 , 0 , 0 , 0 , 0 , 0 , 0 , 0 , 0 , 0 , 0 , 0 , 0 , 0 , 0 , 0
30250,"Kimball",Brn,11 , 17 , 25 , 23 , 19 , 18 , 17 , 18 , 19 , 20 , 20 , 24 , 23 , 19 , 17 , 17 , 17 , 16 , 14 , 32 , 41 , 42 , 0 , 14 , 0 , 0 , 15 , 36 , 31 , 44 , 43 , 43 , 33 , 8 , 0 , 14 , 0 , 44
30226,"Kedzie-Brown",Brn,14 , 17 , 24 , 23 , 19 , 17 , 17 , 18 , 20 , 20 , 20 , 24 , 23 , 19 , 17 , 17 , 17 , 16 , 15 , 43 , 94 , 33 , 89 , 14 , 0 , 0 , 11 , 38 , 31 , 36 , 43 , 43 , 51 , 4 , 0 , 22 , 0 , 29
30168,"Francisco",Brn,14 , 17 , 24 , 23 , 19 , 17 , 17 , 17 , 20 , 20 , 20 , 23 , 24 , 20 , 17 , 17 , 17 , 16 , 15 , 8 , 84 , 58 , 46 , 3 , 17 , 48 , 56 , 33 , 52 , 17 , 28 , 71 , 57 , 65 , 131 , 11 , 0 , 15
30196,"Rockwell",Brn,14 , 17 , 23 , 24 , 19 , 17 , 17 , 17 , 20 , 20 , 20 , 23 , 24 , 20 , 17 , 17 , 17 , 16 , 15 , 48 , 96 , 85 , 71 , 5 , 0 , 70 , 107 , 38 , 46 , 27 , 41 , 41 , 62 , 0 , 0 , 194 , 113 , 0
30284,"Western-Brown",Brn,14 , 17 , 23 , 24 , 19 , 17 , 17 , 17 , 20 , 20 , 20 , 23 , 24 , 20 , 17 , 17 , 17 , 16 , 15 , 8 , 78 , 30 , 143 , 26 , 128 , 140 , 137 , 35 , 52 , 42 , 26 , 41 , 71 , 248 , 0 , 290 , 121 , 98
30019,"Damen-Brown",Brn,13 , 16 , 25 , 23 , 19 , 18 , 17 , 17 , 19 , 21 , 20 , 22 , 24 , 20 , 18 , 17 , 17 , 16 , 15 , 48 , 85 , 5 , 71 , 141 , 130 , 130 , 98 , 46 , 56 , 71 , 16 , 17 , 43 , 146 , 0 , 250 , 326 , 9
30288,"Montrose-Brown",Brn,13 , 16 , 24 , 24 , 19 , 18 , 17 , 17 , 19 , 20 , 20 , 23 , 24 , 20 , 18 , 17 , 17 , 16 , 15 , 28 , 78 , 37 , 93 , 139 , 131 , 140 , 137 , 25 , 50 , 60 , 36 , 25 , 58 , 220 , 0 , 275 , 121 , 62
30282,"Irving Park-Brown",Brn,13 , 16 , 23 , 24 , 19 , 18 , 17 , 18 , 19 , 20 , 20 , 23 , 24 , 19 , 18 , 17 , 17 , 16 , 16 , 28 , 78 , 30 , 93 , 169 , 128 , 69 , 210 , 45 , 52 , 40 , 26 , 41 , 58 , 215 , 302 , 274 , 170 , 32
30278,"Addison-Brown",Brn,12 , 17 , 23 , 24 , 19 , 18 , 17 , 18 , 19 , 20 , 20 , 23 , 24 , 19 , 17 , 17 , 17 , 17 , 16 , 107 , 98 , 96 , 113 , 43 , 2 , 64 , 230 , 36 , 82 , 42 , 41 , 41 , 53 , 215 , 302 , 274 , 190 , 32
30254,"Paulina",Brn,12 , 16 , 22 , 25 , 19 , 17 , 17 , 17 , 20 , 20 , 20 , 22 , 25 , 20 , 17 , 17 , 17 , 16 , 16 , 72 , 89 , 104 , 63 , 16 , 17 , 54 , 146 , 113 , 31 , 16 , 48 , 37 , 40 , 190 , 272 , 244 , 248 , 11
30071,"Southport",Brn,12 , 15 , 23 , 24 , 20 , 17 , 17 , 17 , 20 , 20 , 20 , 22 , 24 , 20 , 18 , 17 , 17 , 16 , 16 , 58 , 96 , 67 , 45 , 70 , 130 , 66 , 119 , 28 , 47 , 12 , 49 , 41 , 39 , 121 , 137 , 251 , 252 , 9
30258,"Belmont",Brn,12 , 14 , 23 , 25 , 19 , 18 , 17 , 17 , 19 , 20 , 20 , 22 , 25 , 20 , 18 , 17 , 17 , 16 , 15 , 126 , 68 , 67 , 62 , 90 , 123 , 95 , 119 , 30 , 28 , 33 , 45 , 64 , 52 , 18 , 0 , 26 , 72 , 11
30232,"Wellington",Brn,9 , 11 , 21 , 25 , 19 , 18 , 17 , 17 , 19 , 20 , 20 , 22 , 25 , 20 , 18 , 17 , 17 , 16 , 15 , 75 , 73 , 87 , 55 , 13 , 149 , 109 , 82 , 44 , 28 , 24 , 44 , 74 , 56 , 26 , 17 , 32 , 0 , 45
30104,"Diversey",Brn,8 , 11 , 21 , 26 , 19 , 18 , 17 , 17 , 19 , 20 , 20 , 22 , 25 , 20 , 18 , 17 , 17 , 16 , 15 , 88 , 94 , 75 , 62 , 76 , 227 , 107 , 128 , 49 , 54 , 30 , 40 , 88 , 55 , 33 , 6 , 52 , 24 , 59
30236,"Fullerton",Brn,7 , 12 , 21 , 25 , 20 , 18 , 17 , 17 , 19 , 20 , 20 , 21 , 25 , 21 , 17 , 17 , 17 , 17 , 15 , 78 , 81 , 85 , 40 , 84 , 129 , 94 , 86 , 32 , 38 , 39 , 49 , 29 , 52 , 22 , 12 , 50 , 27 , 45
30128,"Armitage",Brn,7 , 12 , 19 , 25 , 19 , 18 , 17 , 18 , 19 , 20 , 21 , 21 , 25 , 20 , 17 , 17 , 17 , 17 , 16 , 85 , 45 , 150 , 38 , 19 , 156 , 134 , 103 , 54 , 60 , 54 , 72 , 35 , 71 , 43 , 27 , 63 , 30 , 42
30156,"Sedgwick",Brn,7 , 11 , 19 , 25 , 20 , 18 , 17 , 17 , 19 , 20 , 20 , 21 , 25 , 21 , 18 , 17 , 17 , 16 , 16 , 94 , 87 , 136 , 44 , 78 , 139 , 161 , 56 , 35 , 53 , 75 , 54 , 45 , 77 , 65 , 7 , 92 , 108 , 33
30138,"Chicago-Brown",Brn,7 , 11 , 18 , 26 , 19 , 19 , 17 , 17 , 18 , 20 , 21 , 21 , 25 , 21 , 18 , 17 , 17 , 16 , 16 , 4 , 83 , 83 , 54 , 48 , 94 , 167 , 51 , 54 , 70 , 62 , 52 , 55 , 69 , 84 , 41 , 108 , 91 , 61
30091,"Merchandise Mart",Brn,6 , 11 , 18 , 26 , 20 , 18 , 17 , 17 , 19 , 20 , 20 , 21 , 25 , 21 , 18 , 17 , 17 , 17 , 15 , 30 , 98 , 85 , 73 , 55 , 11 , 205 , 36 , 62 , 12 , 81 , 70 , 46 , 62 , 81 , 0 , 148 , 199 , 60
30142,"Washington/Wells",Brn,5 , 11 , 17 , 25 , 21 , 18 , 17 , 17 , 19 , 20 , 20 , 21 , 25 , 21 , 19 , 17 , 17 , 17 , 15 , 70 , 74 , 67 , 29 , 83 , 0 , 162 , 25 , 41 , 71 , 66 , 31 , 43 , 46 , 88 , 373 , 90 , 123 , 25
30008,"Quincy/Wells",Brn,5 , 11 , 17 , 25 , 21 , 18 , 17 , 17 , 19 , 20 , 20 , 21 , 24 , 22 , 18 , 17 , 17 , 17 , 16 , 79 , 60 , 68 , 56 , 87 , 164 , 152 , 36 , 40 , 95 , 72 , 43 , 19 , 85 , 110 , 201 , 82 , 107 , 55
30030,"LaSalle/Van Buren",Brn,5 , 11 , 16 , 26 , 21 , 18 , 17 , 17 , 19 , 20 , 20 , 20 , 25 , 22 , 18 , 17 , 17 , 17 , 16 , 69 , 85 , 49 , 51 , 138 , 107 , 90 , 76 , 30 , 39 , 61 , 36 , 42 , 57 , 99 , 186 , 218 , 161 , 43
30165,"Harold Washington Library",Brn,5 , 11 , 16 , 26 , 20 , 19 , 17 , 17 , 18 , 20 , 20 , 21 , 25 , 22 , 18 , 17 , 17 , 16 , 16 , 60 , 108 , 43 , 32 , 103 , 111 , 206 , 158 , 30 , 69 , 70 , 31 , 41 , 64 , 158 , 403 , 190 , 142 , 44
30131,"Adams/Wabash",Brn,5 , 11 , 17 , 24 , 21 , 19 , 17 , 17 , 18 , 20 , 20 , 21 , 25 , 21 , 19 , 17 , 17 , 16 , 16 , 114 , 102 , 72 , 30 , 103 , 118 , 163 , 33 , 90 , 86 , 68 , 36 , 53 , 46 , 140 , 186 , 132 , 97 , 42
30123,"Madison/Wabash",Brn,5 , 11 , 17 , 24 , 21 , 19 , 17 , 17 , 18 , 20 , 20 , 21 , 24 , 22 , 19 , 17 , 17 , 16 , 16 , 114 , 102 , 142 , 21 , 88 , 103 , 194 , 57 , 90 , 91 , 68 , 25 , 23 , 43 , 140 , 186 , 124 , 97 , 11
30038,"Randolph/Wabash",Brn,5 , 11 , 17 , 24 , 21 , 19 , 17 , 17 , 18 , 20 , 20 , 20 , 25 , 22 , 18 , 17 , 17 , 17 , 16 , 121 , 101 , 142 , 77 , 57 , 102 , 189 , 179 , 29 , 85 , 65 , 35 , 82 , 65 , 118 , 226 , 200 , 77 , 6
30051,"State/Lake",Brn,4 , 11 , 17 , 24 , 21 , 18 , 17 , 17 , 19 , 20 , 20 , 20 , 25 , 22 , 18 , 17 , 17 , 17 , 16 , 162 , 72 , 182 , 82 , 95 , 117 , 186 , 97 , 36 , 97 , 73 , 32 , 80 , 59 , 111 , 226 , 200 , 97 , 8
30075,"Clark/Lake (Elevated)",Brn,4 , 11 , 17 , 23 , 22 , 18 , 17 , 17 , 19 , 20 , 20 , 20 , 25 , 22 , 18 , 17 , 17 , 17 , 16 , 162 , 85 , 132 , 39 , 85 , 108 , 173 , 21 , 23 , 90 , 41 , 59 , 51 , 51 , 62 , 123 , 189 , 91 , 28
30181,"Midway",Org,13 , 16 , 17 , 18 , 17 , 17 , 17 , 17 , 17 , 17 , 19 , 20 , 20 , 18 , 17 , 14 , 14 , 12 , 10 , 8 , 40 , 25 , 23 , 23 , 25 , 24 , 24 , 25 , 26 , 22 , 22 , 22 , 22 , 22 , 23 , 24 , 24 , 15
30185,"Pulaski-Orange",Org,13 , 16 , 17 , 17 , 17 , 17 , 17 , 17 , 17 , 17 , 20 , 20 , 19 , 18 , 17 , 15 , 13 , 13 , 10 , 158 , 54 , 25 , 154 , 39 , 0 , 0 , 0 , 38 , 26 , 135 , 136 , 232 , 7 , 32 , 0 , 0 , 18 , 17
30219,"Kedzie-Orange",Org,13 , 16 , 17 , 17 , 17 , 17 , 17 , 17 , 17 , 17 , 20 , 20 , 19 , 18 , 17 , 15 , 13 , 13 , 10 , 158 , 47 , 47 , 23 , 0 , 20 , 18 , 13 , 18 , 11 , 4 , 3 , 13 , 14 , 16 , 12 , 8 , 36 , 22
30060,"Western-Orange",Org,12 , 16 , 17 , 18 , 17 , 17 , 17 , 17 , 17 , 17 , 20 , 20 , 19 , 18 , 17 , 15 , 13 , 13 , 10 , 179 , 53 , 1 , 25 , 30 , 1 , 1 , 0 , 1 , 1 , 1 , 31 , 0 , 50 , 61 , 1 , 0 , 0 , 1
30022,"35th/Archer",Org,12 , 15 , 17 , 16 , 17 , 17 , 17 , 17 , 17 , 17 , 20 , 20 , 19 , 18 , 17 , 16 , 14 , 13 , 11 , 355 , 50 , 15 , 52 , 26 , 22 , 9 , 29 , 19 , 51 , 24 , 13 , 0 , 27 , 52 , 1 , 0 , 14 , 1
30205,"Ashland-Orange",Org,10 , 16 , 17 , 17 , 17 , 17 , 17 , 17 , 17 , 17 , 20 , 20 , 19 , 18 , 17 , 16 , 13 , 13 , 11 , 359 , 65 , 34 , 38 , 11 , 0 , 31 , 7 , 6 , 45 , 33 , 34 , 12 , 20 , 30 , 15 , 0 , 12 , 22
30215,"Halsted-Orange",Org,10 , 15 , 17 , 18 , 17 , 17 , 17 , 17 , 17 , 17 , 19 , 20 , 20 , 18 , 17 , 15 , 13 , 13 , 12 , 259 , 65 , 46 , 88 , 11 , 1 , 18 , 27 , 16 , 52 , 33 , 16 , 72 , 22 , 30 , 24 , 10 , 11 , 2
30080,"Roosevelt (Elevated)",Org,9 , 15 , 17 , 17 , 17 , 17 , 17 , 17 , 17 , 17 , 19 , 20 , 20 , 18 , 18 , 16 , 13 , 13 , 10 , 228 , 28 , 51 , 26 , 41 , 57 , 9 , 9 , 6 , 57 , 95 , 65 , 30 , 35 , 35 , 6 , 150 , 26 , 0
30113,"54th/Cermak",Pink,13 , 15 , 17 , 16 , 16 , 15 , 15 , 15 , 15 , 16 , 16 , 17 , 16 , 15 , 14 , 14 , 14 , 13 , 13 , 101 , 7 , 1 , 22 , 22 , 13 , 15 , 9 , 17 , 24 , 14 , 11 , 22 , 22 , 30 , 23 , 103 , 48 , 68
30082,"Cicero-Cermak",Pink,13 , 15 , 16 , 17 , 16 , 15 , 15 , 15 , 15 , 16 , 16 , 17 , 16 , 15 , 14 , 14 , 14 , 13 , 13 , 101 , 1 , 1 , 1 , 1 , 1 , 39 , 1 , 1 , 1 , 1 , 16 , 0 , 51 , 49 , 2 , 60 , 21 , 31
30117,"Kostner",Pink,13 , 15 , 16 , 17 , 16 , 15 , 15 , 15 , 15 , 16 , 16 , 17 , 16 , 15 , 14 , 14 , 14 , 13 , 13 , 101 , 6 , 58 , 79 , 23 , 12 , 34 , 27 , 8 , 24 , 22 , 22 , 138 , 21 , 29 , 23 , 68 , 62 , 83
30028,"Pulaski-Cermak",Pink,13 , 14 , 16 , 17 , 16 , 15 , 15 , 15 , 15 , 16 , 16 , 17 , 16 , 15 , 14 , 14 , 14 , 14 , 13 , 78 , 33 , 78 , 8 , 108 , 57 , 28 , 40 , 6 , 0 , 20 , 7 , 27 , 41 , 28 , 31 , 60 , 53 , 31
30151,"Central Park",Pink,13 , 14 , 16 , 17 , 16 , 15 , 15 , 15 , 15 , 16 , 16 , 17 , 16 , 15 , 14 , 14 , 14 , 14 , 13 , 84 , 28 , 62 , 19 , 112 , 53 , 48 , 58 , 0 , 0 , 102 , 26 , 138 , 55 , 18 , 13 , 54 , 77 , 83
30201,"Kedzie-Cermak",Pink,12 , 15 , 16 , 15 , 16 , 15 , 15 , 15 , 15 , 16 , 16 , 17 , 17 , 15 , 15 , 14 , 14 , 14 , 12 , 54 , 15 , 66 , 23 , 92 , 26 , 21 , 37 , 136 , 26 , 99 , 0 , 0 , 26 , 16 , 0 , 37 , 47 , 53
30086,"California-Cermak",Pink,12 , 14 , 16 , 16 , 16 , 15 , 15 , 15 , 15 , 16 , 16 , 17 , 16 , 15 , 15 , 14 , 14 , 14 , 13 , 96 , 42 , 94 , 38 , 78 , 68 , 57 , 31 , 0 , 0 , 70 , 29 , 114 , 34 , 68 , 1 , 80 , 63 , 73
30143,"Western-Cermak",Pink,10 , 15 , 16 , 17 , 16 , 15 , 15 , 15 , 15 , 16 , 16 , 17 , 16 , 15 , 14 , 14 , 14 , 13 , 13 , 47 , 15 , 92 , 23 , 91 , 56 , 72 , 17 , 274 , 26 , 79 , 26 , 136 , 48 , 36 , 0 , 152 , 37 , 66
30040,"Damen-Cermak",Pink,10 , 15 , 16 , 17 , 16 , 15 , 15 , 15 , 15 , 16 , 16 , 17 , 16 , 15 , 14 , 14 , 14 , 13 , 13 , 54 , 14 , 65 , 61 , 69 , 53 , 82 , 65 , 109 , 0 , 30 , 57 , 54 , 53 , 70 , 0 , 120 , 19 , 59
30161,"18th",Pink,10 , 15 , 16 , 17 , 16 , 15 , 15 , 15 , 15 , 16 , 16 , 17 , 16 , 15 , 14 , 14 , 14 , 13 , 13 , 85 , 42 , 104 , 84 , 91 , 36 , 50 , 18 , 106 , 0 , 82 , 26 , 106 , 55 , 48 , 0 , 0 , 11 , 102
30199,"Polk",Pink,10 , 14 , 15 , 17 , 17 , 15 , 15 , 15 , 15 , 16 , 16 , 16 , 17 , 15 , 14 , 14 , 14 , 14 , 13 , 27 , 122 , 30 , 70 , 63 , 81 , 35 , 79 , 203 , 370 , 125 , 113 , 76 , 84 , 68 , 184 , 59 , 54 , 67
30032,"Ashland-Lake",Pink,9 , 14 , 16 , 16 , 16 , 15 , 15 , 15 , 15 , 16 , 16 , 17 , 16 , 16 , 15 , 14 , 14 , 14 , 13 , 91 , 203 , 193 , 64 , 84 , 0 , 44 , 65 , 99 , 234 , 102 , 129 , 128 , 115 , 206 , 86 , 94 , 48 , 162
30221,"Clinton-Green",Pink,9 , 14 , 16 , 16 , 16 , 15 , 15 , 15 , 15 , 16 , 16 , 17 , 16 , 15 , 15 , 14 , 14 , 14 , 13 , 51 , 12 , 57 , 67 , 44 , 50 , 43 , 54 , 214 , 237 , 121 , 29 , 61 , 67 , 45 , 86 , 112 , 63 , 55
30003,"Harlem-Green",G,7 , 15 , 17 , 17 , 16 , 15 , 15 , 16 , 16 , 17 , 19 , 18 , 18 , 17 , 14 , 14 , 14 , 12 , 12 , 55 , 26 , 1 , 0 , 31 , 0 , 0 , 1 , 1 , 1 , 15 , 26 , 51 , 61 , 61 , 1 , 15 , 1 , 1
30263,"Oak Park-Green",G,8 , 15 , 17 , 17 , 16 , 15 , 15 , 16 , 16 , 17 , 19 , 18 , 18 , 17 , 14 , 14 , 14 , 12 , 12 , 31 , 46 , 30 , 44 , 22 , 46 , 45 , 10 , 0 , 52 , 29 , 25 , 0 , 13 , 35 , 44 , 45 , 44 , 29
30119,"Ridgeland",G,8 , 15 , 16 , 18 , 16 , 15 , 15 , 16 , 16 , 17 , 18 , 19 , 18 , 17 , 14 , 14 , 14 , 12 , 12 , 20 , 7 , 0 , 111 , 0 , 0 , 65 , 0 , 159 , 113 , 34 , 28 , 0 , 55 , 6 , 0 , 44 , 0 , 0
30243,"Austin-Green",G,8 , 15 , 16 , 18 , 16 , 15 , 15 , 16 , 16 , 17 , 18 , 19 , 18 , 17 , 14 , 14 , 14 , 12 , 12 , 32 , 34 , 64 , 98 , 92 , 46 , 83 , 15 , 201 , 44 , 44 , 127 , 100 , 65 , 40 , 44 , 31 , 44 , 29
30054,"Central-Green",G,8 , 15 , 16 , 17 , 17 , 15 , 15 , 16 , 16 , 17 , 18 , 19 , 18 , 16 , 14 , 14 , 14 , 13 , 12 , 20 , 10 , 22 , 56 , 45 , 0 , 45 , 0 , 109 , 91 , 20 , 15 , 31 , 31 , 79 , 0 , 36 , 0 , 0
30135,"Laramie",G,8 , 15 , 16 , 17 , 17 , 15 , 15 , 16 , 16 , 17 , 18 , 18 , 19 , 16 , 14 , 14 , 14 , 13 , 12 , 36 , 62 , 42 , 77 , 81 , 68 , 106 , 25 , 135 , 23 , 22 , 22 , 22 , 22 , 118 , 0 , 64 , 6 , 11
30094,"Cicero-Green",G,7 , 15 , 16 , 18 , 16 , 16 , 15 , 15 , 16 , 16 , 19 , 18 , 18 , 17 , 15 , 14 , 14 , 13 , 12 , 36 , 55 , 87 , 104 , 60 , 26 , 71 , 43 , 1 , 407 , 20 , 16 , 31 , 36 , 109 , 0 , 70 , 79 , 11
30005,"Pulaski-Green",G,7 , 14 , 16 , 17 , 16 , 15 , 15 , 16 , 16 , 17 , 18 , 19 , 18 , 17 , 15 , 14 , 14 , 14 , 12 , 40 , 40 , 66 , 100 , 86 , 95 , 88 , 50 , 0 , 293 , 61 , 79 , 0 , 10 , 103 , 183 , 97 , 352 , 1
30291,"Conservatory",G,7 , 14 , 16 , 17 , 16 , 15 , 15 , 16 , 16 , 17 , 18 , 19 , 18 , 17 , 15 , 14 , 14 , 14 , 12 , 0 , 0 , 0 , 0 , 0 , 0 , 0 , 0 , 0 , 0 , 0 , 0 , 0 , 0 , 0 , 0 , 0 , 0 , 0
30207,"Kedzie-Green",G,6 , 14 , 16 , 17 , 17 , 15 , 15 , 16 , 16 , 17 , 18 , 18 , 19 , 17 , 14 , 14 , 14 , 12 , 12 , 13 , 210 , 95 , 49 , 43 , 45 , 56 , 187 , 50 , 168 , 16 , 156 , 330 , 239 , 112 , 183 , 144 , 345 , 11
30265,"California-Green",G,6 , 14 , 16 , 17 , 17 , 15 , 15 , 16 , 16 , 17 , 18 , 18 , 19 , 17 , 14 , 14 , 14 , 12 , 12 , 24 , 209 , 101 , 61 , 106 , 45 , 70 , 181 , 90 , 176 , 40 , 126 , 176 , 118 , 83 , 137 , 147 , 166 , 230
30214,"35-Bronzeville-IIT",G,3 , 13 , 15 , 18 , 17 , 15 , 15 , 15 , 16 , 17 , 17 , 18 , 19 , 18 , 14 , 14 , 14 , 14 , 12 , 0 , 82 , 35 , 126 , 101 , 164 , 60 , 114 , 20 , 27 , 69 , 64 , 115 , 40 , 103 , 332 , 52 , 60 , 30
30059,"Indiana",G,3 , 12 , 15 , 16 , 17 , 16 , 15 , 16 , 16 , 16 , 18 , 18 , 19 , 17 , 16 , 14 , 14 , 14 , 12 , 0 , 83 , 86 , 128 , 200 , 177 , 69 , 147 , 37 , 37 , 69 , 80 , 158 , 59 , 69 , 0 , 91 , 35 , 0
30246,"43rd",G,3 , 11 , 16 , 16 , 17 , 16 , 15 , 16 , 16 , 16 , 18 , 18 , 18 , 18 , 16 , 14 , 14 , 14 , 12 , 0 , 21 , 83 , 151 , 135 , 171 , 78 , 146 , 37 , 21 , 79 , 84 , 147 , 60 , 64 , 332 , 90 , 26 , 242
30210,"47th-Green",G,2 , 12 , 15 , 17 , 17 , 16 , 15 , 15 , 16 , 16 , 17 , 19 , 18 , 18 , 17 , 14 , 14 , 14 , 12 , 0 , 17 , 96 , 108 , 156 , 144 , 54 , 107 , 51 , 56 , 48 , 66 , 94 , 54 , 74 , 302 , 67 , 78 , 352
30025,"51st",G,2 , 12 , 15 , 17 , 17 , 16 , 15 , 15 , 16 , 16 , 17 , 19 , 18 , 18 , 16 , 14 , 14 , 14 , 13 , 0 , 60 , 70 , 113 , 155 , 184 , 52 , 89 , 35 , 58 , 44 , 48 , 13 , 58 , 70 , 183 , 112 , 55 , 274
30100,"Garfield-Green",G,2 , 12 , 15 , 16 , 18 , 16 , 15 , 15 , 16 , 16 , 17 , 18 , 19 , 18 , 16 , 14 , 14 , 14 , 13 , 0 , 60 , 86 , 135 , 148 , 154 , 57 , 96 , 40 , 88 , 45 , 48 , 68 , 65 , 88 , 141 , 76 , 86 , 254
30217,"King Drive",G,1 , 6 , 8 , 7 , 10 , 7 , 8 , 7 , 8 , 8 , 9 , 9 , 9 , 9 , 8 , 6 , 8 , 6 , 6 , 0 , 0 , 0 , 0 , 0 , 0 , 0 , 0 , 0 , 0 , 0 , 0 , 0 , 0 , 0 , 0 , 0 , 0 , 0
30139,"East 63rd-Cottage Grove",G,1 , 5 , 8 , 8 , 8 , 9 , 6 , 9 , 7 , 9 , 8 , 10 , 8 , 10 , 8 , 6 , 8 , 6 , 6 , 0 , 0 , 0 , 0 , 0 , 0 , 0 , 0 , 0 , 0 , 0 , 0 , 0 , 0 , 0 , 0 , 0 , 0 , 0
30056,"Ashland/63rd",G,6 , 8 , 8 , 8 , 7 , 9 , 6 , 9 , 7 , 9 , 9 , 10 , 9 , 9 , 8 , 6 , 6 , 6 , 6 , 161 , 16 , 1 , 1 , 31 , 1 , 1 , 1 , 0 , 0 , 60 , 16 , 61 , 41 , 61 , 1 , 1 , 1 , 1
30183,"Halsted-Green",G,6 , 8 , 7 , 9 , 7 , 9 , 6 , 9 , 7 , 9 , 9 , 10 , 8 , 10 , 7 , 7 , 6 , 6 , 6 , 413 , 64 , 25 , 23 , 23 , 25 , 24 , 24 , 25 , 24 , 23 , 22 , 22 , 22 , 23 , 23 , 23 , 24 , 23
30228,"Jarvis",Red,18 , 20 , 26 , 26 , 23 , 22 , 24 , 24 , 23 , 25 , 26 , 27 , 26 , 24 , 22 , 22 , 21 , 21 , 19 , 38 , 42 , 50 , 36 , 74 , 35 , 38 , 29 , 39 , 22 , 18 , 58 , 43 , 18 , 21 , 0 , 38 , 18 , 0
30021,"Morse",Red,18 , 20 , 26 , 26 , 23 , 22 , 24 , 23 , 24 , 25 , 26 , 27 , 25 , 25 , 22 , 22 , 21 , 21 , 19 , 51 , 53 , 22 , 30 , 61 , 0 , 30 , 17 , 30 , 75 , 82 , 18 , 31 , 39 , 53 , 0 , 1 , 15 , 1
30252,"Loyola",Red,18 , 20 , 25 , 27 , 23 , 22 , 24 , 23 , 24 , 24 , 27 , 26 , 26 , 24 , 22 , 22 , 22 , 21 , 19 , 32 , 46 , 46 , 29 , 40 , 23 , 72 , 23 , 78 , 31 , 88 , 25 , 37 , 28 , 60 , 44 , 57 , 23 , 44
30148,"Granville",Red,17 , 19 , 27 , 26 , 21 , 24 , 22 , 24 , 23 , 26 , 26 , 26 , 26 , 24 , 22 , 23 , 22 , 21 , 20 , 16 , 57 , 57 , 26 , 74 , 88 , 25 , 22 , 64 , 13 , 34 , 46 , 27 , 17 , 45 , 13 , 26 , 22 , 23
30170,"Thorndale",Red,16 , 20 , 26 , 27 , 21 , 23 , 23 , 24 , 23 , 25 , 26 , 27 , 26 , 24 , 22 , 22 , 22 , 22 , 20 , 16 , 100 , 77 , 26 , 82 , 88 , 25 , 22 , 60 , 35 , 27 , 46 , 27 , 16 , 33 , 13 , 26 , 22 , 23
30268,"Bryn Mawr",Red,16 , 20 , 26 , 27 , 21 , 22 , 24 , 24 , 23 , 25 , 26 , 27 , 26 , 24 , 22 , 22 , 22 , 21 , 21 , 17 , 93 , 16 , 96 , 56 , 22 , 72 , 19 , 64 , 35 , 55 , 61 , 7 , 30 , 41 , 13 , 48 , 44 , 14
30067,"Berwyn",Red,15 , 20 , 25 , 27 , 23 , 22 , 24 , 23 , 24 , 24 , 27 , 27 , 26 , 24 , 22 , 22 , 21 , 21 , 19 , 10 , 68 , 55 , 71 , 49 , 77 , 59 , 31 , 22 , 58 , 83 , 45 , 74 , 24 , 43 , 43 , 49 , 18 , 42
30230,"Argyle",Red,15 , 19 , 25 , 28 , 23 , 22 , 24 , 23 , 24 , 24 , 26 , 26 , 26 , 26 , 22 , 22 , 21 , 21 , 19 , 0 , 81 , 59 , 66 , 56 , 82 , 56 , 55 , 37 , 65 , 35 , 77 , 31 , 40 , 58 , 43 , 46 , 31 , 31
30150,"Lawrence",Red,15 , 19 , 25 , 27 , 23 , 23 , 23 , 24 , 24 , 24 , 26 , 26 , 26 , 25 , 22 , 23 , 21 , 21 , 19 , 16 , 96 , 52 , 66 , 68 , 76 , 58 , 48 , 41 , 65 , 81 , 74 , 37 , 48 , 62 , 43 , 43 , 38 , 1
30106,"Wilson",Red,15 , 19 , 25 , 27 , 23 , 22 , 23 , 25 , 23 , 24 , 27 , 26 , 26 , 24 , 23 , 22 , 22 , 21 , 19 , 20 , 38 , 48 , 41 , 49 , 62 , 35 , 32 , 72 , 66 , 80 , 36 , 27 , 45 , 37 , 13 , 56 , 14 , 61
30017,"Sheridan",Red,14 , 20 , 24 , 28 , 21 , 22 , 24 , 23 , 24 , 25 , 25 , 27 , 26 , 25 , 22 , 22 , 22 , 21 , 21 , 0 , 46 , 25 , 27 , 54 , 47 , 29 , 50 , 52 , 66 , 92 , 58 , 17 , 41 , 43 , 41 , 67 , 59 , 19
30274,"Addison-Red",Red,12 , 19 , 24 , 28 , 23 , 23 , 23 , 24 , 24 , 24 , 26 , 26 , 27 , 25 , 22 , 22 , 22 , 21 , 20 , 11 , 88 , 62 , 56 , 50 , 61 , 41 , 60 , 49 , 37 , 65 , 49 , 30 , 45 , 61 , 35 , 65 , 53 , 74
30126,"North/Clybourn",Red,11 , 19 , 23 , 29 , 21 , 23 , 23 , 24 , 24 , 24 , 26 , 26 , 27 , 25 , 22 , 22 , 22 , 21 , 21 , 48 , 62 , 31 , 48 , 26 , 64 , 71 , 25 , 36 , 21 , 29 , 77 , 96 , 40 , 64 , 63 , 61 , 51 , 55
30122,"Clark/Division",Red,11 , 19 , 22 , 29 , 22 , 23 , 23 , 24 , 23 , 24 , 25 , 27 , 26 , 25 , 24 , 22 , 22 , 21 , 20 , 43 , 93 , 84 , 76 , 61 , 55 , 44 , 54 , 59 , 69 , 66 , 76 , 64 , 46 , 34 , 53 , 51 , 64 , 83
30280,"Chicago-Red",Red,8 , 19 , 23 , 28 , 24 , 22 , 23 , 23 , 24 , 24 , 26 , 27 , 26 , 25 , 23 , 22 , 22 , 21 , 20 , 65 , 75 , 69 , 40 , 27 , 77 , 48 , 48 , 21 , 50 , 40 , 73 , 91 , 49 , 60 , 35 , 60 , 59 , 36
30065,"Grand-Red",Red,8 , 19 , 22 , 29 , 23 , 22 , 24 , 23 , 24 , 24 , 26 , 26 , 27 , 25 , 22 , 23 , 22 , 21 , 20 , 54 , 82 , 51 , 68 , 22 , 71 , 50 , 43 , 53 , 71 , 53 , 71 , 49 , 40 , 56 , 28 , 53 , 71 , 42
30290,"Lake",Red,8 , 19 , 22 , 29 , 22 , 23 , 23 , 24 , 24 , 24 , 26 , 26 , 27 , 24 , 23 , 22 , 22 , 21 , 21 , 45 , 71 , 51 , 42 , 16 , 67 , 45 , 57 , 49 , 67 , 39 , 77 , 83 , 41 , 49 , 48 , 54 , 67 , 56
30212,"Monroe-Red",Red,8 , 19 , 22 , 28 , 23 , 23 , 23 , 24 , 23 , 24 , 25 , 27 , 27 , 25 , 23 , 22 , 22 , 21 , 21 , 66 , 69 , 70 , 56 , 16 , 64 , 66 , 64 , 45 , 48 , 50 , 72 , 71 , 31 , 62 , 24 , 43 , 55 , 49
30110,"Jackson-Red",Red,8 , 19 , 21 , 29 , 23 , 23 , 23 , 24 , 23 , 24 , 25 , 27 , 25 , 27 , 23 , 22 , 22 , 21 , 20 , 34 , 48 , 65 , 29 , 42 , 30 , 91 , 72 , 65 , 78 , 51 , 83 , 62 , 41 , 54 , 20 , 61 , 81 , 72
30286,"Harrison",Red,8 , 19 , 21 , 29 , 23 , 21 , 24 , 23 , 24 , 24 , 25 , 27 , 26 , 25 , 24 , 22 , 22 , 21 , 21 , 39 , 51 , 57 , 38 , 24 , 58 , 44 , 52 , 57 , 111 , 60 , 86 , 94 , 47 , 70 , 35 , 20 , 95 , 44
30270,"Roosevelt (Subway)",Red,7 , 19 , 22 , 28 , 24 , 21 , 23 , 23 , 24 , 24 , 26 , 27 , 26 , 25 , 23 , 22 , 23 , 21 , 21 , 39 , 48 , 72 , 29 , 48 , 27 , 60 , 84 , 43 , 87 , 46 , 70 , 124 , 37 , 55 , 4 , 7 , 84 , 36
30194,"Cermak-Chinatown",Red,7 , 17 , 21 , 28 , 24 , 23 , 23 , 24 , 23 , 24 , 25 , 27 , 27 , 25 , 23 , 22 , 22 , 21 , 21 , 48 , 37 , 46 , 8 , 51 , 25 , 71 , 64 , 59 , 57 , 71 , 68 , 46 , 48 , 58 , 24 , 65 , 80 , 79
30037,"Sox-35th",Red,4 , 19 , 21 , 28 , 24 , 22 , 23 , 23 , 25 , 23 , 25 , 26 , 27 , 25 , 24 , 23 , 22 , 21 , 21 , 75 , 35 , 81 , 26 , 36 , 111 , 61 , 83 , 101 , 89 , 56 , 82 , 37 , 45 , 60 , 38 , 32 , 103 , 74
30238,"47th-Red",Red,4 , 18 , 20 , 27 , 25 , 23 , 23 , 24 , 23 , 24 , 25 , 27 , 26 , 26 , 23 , 22 , 23 , 22 , 21 , 82 , 80 , 70 , 41 , 66 , 96 , 25 , 89 , 137 , 74 , 42 , 87 , 51 , 61 , 47 , 19 , 41 , 102 , 72
30224,"Garfield-Red",Red,4 , 18 , 20 , 26 , 25 , 23 , 23 , 23 , 24 , 23 , 25 , 27 , 26 , 26 , 24 , 22 , 22 , 21 , 21 , 109 , 76 , 48 , 53 , 45 , 135 , 63 , 58 , 79 , 68 , 39 , 41 , 100 , 78 , 53 , 24 , 40 , 71 , 98
30178,"63rd",Red,3 , 17 , 20 , 28 , 25 , 22 , 22 , 24 , 25 , 23 , 25 , 26 , 27 , 25 , 25 , 22 , 22 , 21 , 21 , 137 , 74 , 43 , 48 , 60 , 166 , 45 , 52 , 73 , 64 , 41 , 59 , 50 , 72 , 40 , 14 , 14 , 79 , 101
30192,"69th",Red,3 , 17 , 20 , 27 , 26 , 22 , 22 , 24 , 23 , 24 , 25 , 27 , 26 , 26 , 24 , 22 , 22 , 22 , 21 , 149 , 70 , 58 , 39 , 170 , 37 , 95 , 61 , 63 , 117 , 50 , 70 , 40 , 49 , 118 , 6 , 97 , 73 , 17
30047,"79th",Red,0 , 18 , 20 , 26 , 26 , 23 , 22 , 24 , 24 , 23 , 25 , 26 , 27 , 26 , 24 , 22 , 22 , 21 , 21 , 104 , 34 , 60 , 64 , 45 , 126 , 65 , 67 , 99 , 83 , 80 , 28 , 72 , 30 , 99 , 60 , 50 , 96 , 131
30276,"87th",Red,0 , 18 , 20 , 25 , 27 , 22 , 22 , 24 , 23 , 25 , 24 , 26 , 27 , 25 , 25 , 23 , 22 , 21 , 21 , 89 , 20 , 61 , 113 , 75 , 74 , 37 , 70 , 65 , 114 , 79 , 36 , 68 , 54 , 104 , 106 , 79 , 120 , 52
30089,"95th",Red,0 , 17 , 19 , 26 , 27 , 21 , 24 , 22 , 24 , 23 , 25 , 27 , 26 , 26 , 24 , 23 , 22 , 22 , 21 , 0 , 0 , 0 , 0 , 0 , 0 , 0 , 0 , 0 , 0 , 0 , 0 , 0 , 0 , 0 , 0 , 0 , 0 , 0
